tconst,primaryTitle,numVotes,averageRating,startYear,genre,yearRange
tt1070874,The Trial of the Chicago 7,102326,7.8,2020,Thriller,2020 - 2030
tt6723592,Tenet,302787,7.5,2020,Thriller,2020 - 2030
tt8936646,Extraction,160910,6.7,2020,Thriller,2020 - 2030
tt6723592,Tenet,302787,7.5,2020,Sci-Fi,2020 - 2030
tt8110330,Dil Bechara,112080,6.6,2020,Romance,2020 - 2030
tt1051906,The Invisible Man,170638,7.1,2020,Mystery,2020 - 2030
tt1051906,The Invisible Man,170638,7.1,2020,Horror,2020 - 2030
tt1070874,The Trial of the Chicago 7,102326,7.8,2020,History,2020 - 2030
tt7556122,The Old Guard,128749,6.6,2020,Fantasy,2020 - 2030
tt7126948,Wonder Woman 1984,163603,5.4,2020,Fantasy,2020 - 2030
tt1070874,The Trial of the Chicago 7,102326,7.8,2020,Drama,2020 - 2030
tt1051906,The Invisible Man,170638,7.1,2020,Drama,2020 - 2030
tt8110330,Dil Bechara,112080,6.6,2020,Drama,2020 - 2030
tt4566758,Mulan,112545,5.6,2020,Drama,2020 - 2030
tt1502397,Bad Boys for Life,131994,6.6,2020,Crime,2020 - 2030
tt7846844,Enola Holmes,128083,6.6,2020,Crime,2020 - 2030
tt2948372,Soul,187645,8.1,2020,Comedy,2020 - 2030
tt7146812,Onward,103881,7.4,2020,Comedy,2020 - 2030
tt13143964,Borat Subsequent Moviefilm,108084,6.7,2020,Comedy,2020 - 2030
tt1502397,Bad Boys for Life,131994,6.6,2020,Comedy,2020 - 2030
tt8110330,Dil Bechara,112080,6.6,2020,Comedy,2020 - 2030
tt7713068,Birds of Prey,171079,6.1,2020,Comedy,2020 - 2030
tt2948372,Soul,187645,8.1,2020,Animation,2020 - 2030
tt7146812,Onward,103881,7.4,2020,Animation,2020 - 2030
tt2948372,Soul,187645,8.1,2020,Adventure,2020 - 2030
tt7146812,Onward,103881,7.4,2020,Adventure,2020 - 2030
tt7556122,The Old Guard,128749,6.6,2020,Adventure,2020 - 2030
tt7846844,Enola Holmes,128083,6.6,2020,Adventure,2020 - 2030
tt7713068,Birds of Prey,171079,6.1,2020,Adventure,2020 - 2030
tt4566758,Mulan,112545,5.6,2020,Adventure,2020 - 2030
tt7126948,Wonder Woman 1984,163603,5.4,2020,Adventure,2020 - 2030
tt6723592,Tenet,302787,7.5,2020,Action,2020 - 2030
tt8936646,Extraction,160910,6.7,2020,Action,2020 - 2030
tt1502397,Bad Boys for Life,131994,6.6,2020,Action,2020 - 2030
tt7556122,The Old Guard,128749,6.6,2020,Action,2020 - 2030
tt7846844,Enola Holmes,128083,6.6,2020,Action,2020 - 2030
tt7713068,Birds of Prey,171079,6.1,2020,Action,2020 - 2030
tt4566758,Mulan,112545,5.6,2020,Action,2020 - 2030
tt7126948,Wonder Woman 1984,163603,5.4,2020,Action,2020 - 2030
tt1853728,Django Unchained,1366477,8.4,2012,Western,2010 - 2020
tt1403865,True Grit,313245,7.6,2010,Western,2010 - 2020
tt2404435,The Magnificent Seven,185992,6.9,2016,Western,2010 - 2020
tt1210819,The Lone Ranger,222217,6.4,2013,Western,2010 - 2020
tt2557490,A Million Ways to Die in the West,177867,6.1,2014,Western,2010 - 2020
tt5813916,The Mountain II,105338,8.8,2016,War,2010 - 2020
tt8579674,1917,437055,8.3,2019,War,2010 - 2020
tt1255953,Incendies,151560,8.3,2010,War,2010 - 2020
tt2584384,Jojo Rabbit,304026,7.9,2019,War,2010 - 2020
tt2713180,Fury,429364,7.6,2014,War,2010 - 2020
tt0816442,The Book Thief,127785,7.6,2013,War,2010 - 2020
tt0989757,Dear John,139519,6.3,2010,War,2010 - 2020
tt6751668,Parasite,568695,8.6,2019,Thriller,2010 - 2020
tt7286456,Joker,954779,8.4,2019,Thriller,2010 - 2020
tt8579674,1917,437055,8.3,2019,Thriller,2010 - 2020
tt1130884,Shutter Island,1138716,8.2,2010,Thriller,2010 - 2020
tt2267998,Gone Girl,865627,8.1,2014,Thriller,2010 - 2020
tt3170832,Room,374508,8.1,2015,Thriller,2010 - 2020
tt3011894,Wild Tales,178429,8.1,2014,Thriller,2010 - 2020
tt4016934,The Handmaiden,115519,8.1,2016,Thriller,2010 - 2020
tt0947798,Black Swan,702519,8.0,2010,Thriller,2010 - 2020
tt2084970,The Imitation Game,689228,8.0,2014,Thriller,2010 - 2020
tt1291584,Warrior,437865,8.2,2011,Sport,2010 - 2020
tt0964517,The Fighter,342192,7.8,2010,Sport,2010 - 2020
tt1210166,Moneyball,372208,7.6,2011,Sport,2010 - 2020
tt3076658,Creed,248763,7.6,2015,Sport,2010 - 2020
tt1798684,Southpaw,218825,7.4,2015,Sport,2010 - 2020
tt6343314,Creed II,106416,7.1,2018,Sport,2010 - 2020
tt1375666,Inception,2079706,8.8,2010,Sci-Fi,2010 - 2020
tt0816692,Interstellar,1524445,8.6,2014,Sci-Fi,2010 - 2020
tt4154756,Avengers: Infinity War,844115,8.4,2018,Sci-Fi,2010 - 2020
tt1392190,Mad Max: Fury Road,887264,8.1,2015,Sci-Fi,2010 - 2020
tt3315342,Logan,652336,8.1,2017,Sci-Fi,2010 - 2020
tt3659388,The Martian,764349,8.0,2015,Sci-Fi,2010 - 2020
tt1798709,Her,544267,8.0,2013,Sci-Fi,2010 - 2020
tt0848228,The Avengers,1265694,8.0,2012,Sci-Fi,2010 - 2020
tt2488496,Star Wars: Episode VII - The Force Awakens,863838,7.9,2015,Sci-Fi,2010 - 2020
tt1877832,X-Men: Days of Future Past,662601,7.9,2014,Sci-Fi,2010 - 2020
tt4016934,The Handmaiden,115519,8.1,2016,Romance,2010 - 2020
tt1798709,Her,544267,8.0,2013,Romance,2010 - 2020
tt1659337,The Perks of Being a Wallflower,464572,8.0,2012,Romance,2010 - 2020
tt7653254,Marriage Story,250340,7.9,2019,Romance,2010 - 2020
tt1655442,The Artist,231303,7.9,2011,Romance,2010 - 2020
tt5726616,Call Me by Your Name,215947,7.9,2017,Romance,2010 - 2020
tt2209418,Before Midnight,142425,7.9,2013,Romance,2010 - 2020
tt1748122,Moonrise Kingdom,320397,7.8,2012,Romance,2010 - 2020
tt3281548,Little Women,146520,7.8,2019,Romance,2010 - 2020
tt1045658,Silver Linings Playbook,664325,7.7,2012,Romance,2010 - 2020
tt1255953,Incendies,151560,8.3,2010,Mystery,2010 - 2020
tt1130884,Shutter Island,1138716,8.2,2010,Mystery,2010 - 2020
tt2267998,Gone Girl,865627,8.1,2014,Mystery,2010 - 2020
tt1392214,Prisoners,605558,8.1,2013,Mystery,2010 - 2020
tt4857264,The Invisible Guest,144857,8.1,2016,Mystery,2010 - 2020
tt1856101,Blade Runner 2049,465834,8.0,2017,Mystery,2010 - 2020
tt3460252,The Hateful Eight,521020,7.8,2015,Mystery,2010 - 2020
tt1568346,The Girl with the Dragon Tattoo,425494,7.8,2011,Mystery,2010 - 2020
tt1924396,The Best Offer,109082,7.8,2013,Mystery,2010 - 2020
tt5052448,Get Out,496989,7.7,2017,Mystery,2010 - 2020
tt2338151,PK,163978,8.1,2014,Musical,2010 - 2020
tt1707386,Les Misérables,310109,7.6,2012,Musical,2010 - 2020
tt1485796,The Greatest Showman,241574,7.6,2017,Musical,2010 - 2020
tt6412452,The Ballad of Buster Scruggs,123996,7.3,2018,Musical,2010 - 2020
tt2771200,Beauty and the Beast,276198,7.1,2017,Musical,2010 - 2020
tt2582802,Whiplash,723288,8.5,2014,Music,2010 - 2020
tt3783958,La La Land,509987,8.0,2016,Music,2010 - 2020
tt1727824,Bohemian Rhapsody,455571,8.0,2018,Music,2010 - 2020
tt1517451,A Star Is Born,337890,7.6,2018,Music,2010 - 2020
tt2042568,Inside Llewyn Davis,140553,7.5,2013,Music,2010 - 2020
tt1980929,Begin Again,144143,7.4,2013,Music,2010 - 2020
tt2066051,Rocketman,140379,7.3,2019,Music,2010 - 2020
tt1981677,Pitch Perfect,277667,7.1,2012,Music,2010 - 2020
tt8079248,Yesterday,115785,6.8,2019,Music,2010 - 2020
tt1355630,If I Stay,116307,6.7,2014,Music,2010 - 2020
tt5052448,Get Out,496989,7.7,2017,Horror,2010 - 2020
tt3416742,What We Do in the Shadows,158615,7.7,2014,Horror,2010 - 2020
tt5700672,Train to Busan,168326,7.6,2016,Horror,2010 - 2020
tt1189073,The Skin I Live In,139753,7.6,2011,Horror,2010 - 2020
tt1457767,The Conjuring,444256,7.5,2013,Horror,2010 - 2020
tt6644200,A Quiet Place,410797,7.5,2018,Horror,2010 - 2020
tt1465522,Tucker and Dale vs Evil,165817,7.5,2010,Horror,2010 - 2020
tt7984734,The Lighthouse,146132,7.5,2019,Horror,2010 - 2020
tt1396484,It,462143,7.3,2017,Horror,2010 - 2020
tt4972582,Split,429248,7.3,2016,Horror,2010 - 2020
tt2024544,12 Years a Slave,644065,8.1,2013,History,2010 - 2020
tt2119532,Hacksaw Ridge,439799,8.1,2016,History,2010 - 2020
tt1504320,The King's Speech,641999,8.0,2010,History,2010 - 2020
tt5013056,Dunkirk,560083,7.8,2017,History,2010 - 2020
tt4846340,Hidden Figures,202414,7.8,2016,History,2010 - 2020
tt1398426,Straight Outta Compton,180005,7.8,2015,History,2010 - 2020
tt1707386,Les Misérables,310109,7.6,2012,History,2010 - 2020
tt3682448,Bridge of Spies,289183,7.6,2015,History,2010 - 2020
tt1649419,The Impossible,202062,7.6,2012,History,2010 - 2020
tt1790885,Zero Dark Thirty,273377,7.4,2012,History,2010 - 2020
tt5311514,Your Name.,198640,8.4,2016,Fantasy,2010 - 2020
tt1201607,Harry Potter and the Deathly Hallows: Part 2,769012,8.1,2011,Fantasy,2010 - 2020
tt0454876,Life of Pi,583075,7.9,2012,Fantasy,2010 - 2020
tt0903624,The Hobbit: An Unexpected Journey,759974,7.8,2012,Fantasy,2010 - 2020
tt1170358,The Hobbit: The Desolation of Smaug,603746,7.8,2013,Fantasy,2010 - 2020
tt2194499,About Time,305995,7.8,2013,Fantasy,2010 - 2020
tt0926084,Harry Potter And The Deathly Hallows - Part 1,482044,7.7,2010,Fantasy,2010 - 2020
tt1605783,Midnight in Paris,389922,7.7,2011,Fantasy,2010 - 2020
tt1211837,Doctor Strange,602986,7.5,2016,Fantasy,2010 - 2020
tt0446029,Scott Pilgrim vs. the World,381387,7.5,2010,Fantasy,2010 - 2020
tt2380307,Coco,390167,8.4,2017,Family,2010 - 2020
tt2543472,Wonder,143716,8.0,2017,Family,2010 - 2020
tt0926084,Harry Potter And The Deathly Hallows - Part 1,482044,7.7,2010,Family,2010 - 2020
tt0970179,Hugo,306121,7.5,2011,Family,2010 - 2020
tt3040964,The Jungle Book,260009,7.4,2016,Family,2010 - 2020
tt3183660,Fantastic Beasts and Where to Find Them,412890,7.3,2016,Family,2010 - 2020
tt2771200,Beauty and the Beast,276198,7.1,2017,Family,2010 - 2020
tt0837562,Hotel Transylvania,225707,7.1,2012,Family,2010 - 2020
tt1389137,We Bought a Zoo,135461,7.1,2011,Family,2010 - 2020
tt3470600,Sing,134990,7.1,2016,Family,2010 - 2020
tt5813916,The Mountain II,105338,8.8,2016,Drama,2010 - 2020
tt6751668,Parasite,568695,8.6,2019,Drama,2010 - 2020
tt0816692,Interstellar,1524445,8.6,2014,Drama,2010 - 2020
tt1675434,The Intouchables,765826,8.5,2011,Drama,2010 - 2020
tt2582802,Whiplash,723288,8.5,2014,Drama,2010 - 2020
tt7286456,Joker,954779,8.4,2019,Drama,2010 - 2020
tt4154796,Avengers: Endgame,824450,8.4,2019,Drama,2010 - 2020
tt5311514,Your Name.,198640,8.4,2016,Drama,2010 - 2020
tt5074352,Dangal,158059,8.4,2016,Drama,2010 - 2020
tt1853728,Django Unchained,1366477,8.4,2012,Drama,2010 - 2020
tt7286456,Joker,954779,8.4,2019,Crime,2010 - 2020
tt0993846,The Wolf of Wall Street,1198964,8.2,2013,Crime,2010 - 2020
tt2278388,The Grand Budapest Hotel,712938,8.1,2014,Crime,2010 - 2020
tt1392214,Prisoners,605558,8.1,2013,Crime,2010 - 2020
tt5027774,"Three Billboards Outside Ebbing, Missouri",437386,8.1,2017,Crime,2010 - 2020
tt1895587,Spotlight,423226,8.1,2015,Crime,2010 - 2020
tt4857264,The Invisible Guest,144857,8.1,2016,Crime,2010 - 2020
tt2265171,The Raid 2,114709,8.0,2014,Crime,2010 - 2020
tt2872718,Nightcrawler,470029,7.9,2014,Crime,2010 - 2020
tt8946378,Knives Out,466047,7.9,2019,Crime,2010 - 2020
tt6751668,Parasite,568695,8.6,2019,Comedy,2010 - 2020
tt1675434,The Intouchables,765826,8.5,2011,Comedy,2010 - 2020
tt0435761,Toy Story 3,760600,8.2,2010,Comedy,2010 - 2020
tt6966692,Green Book,385732,8.2,2018,Comedy,2010 - 2020
tt4729430,Klaus,107201,8.2,2019,Comedy,2010 - 2020
tt2278388,The Grand Budapest Hotel,712938,8.1,2014,Comedy,2010 - 2020
tt2096673,Inside Out,621068,8.1,2015,Comedy,2010 - 2020
tt5027774,"Three Billboards Outside Ebbing, Missouri",437386,8.1,2017,Comedy,2010 - 2020
tt3011894,Wild Tales,178429,8.1,2014,Comedy,2010 - 2020
tt2338151,PK,163978,8.1,2014,Comedy,2010 - 2020
tt1675434,The Intouchables,765826,8.5,2011,Biography,2010 - 2020
tt5074352,Dangal,158059,8.4,2016,Biography,2010 - 2020
tt6966692,Green Book,385732,8.2,2018,Biography,2010 - 2020
tt0993846,The Wolf of Wall Street,1198964,8.2,2013,Biography,2010 - 2020
tt2024544,12 Years a Slave,644065,8.1,2013,Biography,2010 - 2020
tt2119532,Hacksaw Ridge,439799,8.1,2016,Biography,2010 - 2020
tt1979320,Rush,434855,8.1,2013,Biography,2010 - 2020
tt1895587,Spotlight,423226,8.1,2015,Biography,2010 - 2020
tt1950186,Ford v Ferrari,297459,8.1,2019,Biography,2010 - 2020
tt2084970,The Imitation Game,689228,8.0,2014,Biography,2010 - 2020
tt2380307,Coco,390167,8.4,2017,Animation,2010 - 2020
tt4633694,Spider-Man: Into the Spider-Verse,381270,8.4,2018,Animation,2010 - 2020
tt5311514,Your Name.,198640,8.4,2016,Animation,2010 - 2020
tt0435761,Toy Story 3,760600,8.2,2010,Animation,2010 - 2020
tt4729430,Klaus,107201,8.2,2019,Animation,2010 - 2020
tt0892769,How to Train Your Dragon,669965,8.1,2010,Animation,2010 - 2020
tt2096673,Inside Out,621068,8.1,2015,Animation,2010 - 2020
tt2948356,Zootopia,436619,8.0,2016,Animation,2010 - 2020
tt5104604,Isle of Dogs,140749,7.9,2018,Animation,2010 - 2020
tt2245084,Big Hero 6,412829,7.8,2014,Animation,2010 - 2020
tt1375666,Inception,2079706,8.8,2010,Adventure,2010 - 2020
tt0816692,Interstellar,1524445,8.6,2014,Adventure,2010 - 2020
tt4154756,Avengers: Infinity War,844115,8.4,2018,Adventure,2010 - 2020
tt4154796,Avengers: Endgame,824450,8.4,2019,Adventure,2010 - 2020
tt2380307,Coco,390167,8.4,2017,Adventure,2010 - 2020
tt4633694,Spider-Man: Into the Spider-Verse,381270,8.4,2018,Adventure,2010 - 2020
tt1345836,The Dark Knight Rises,1523432,8.4,2012,Adventure,2010 - 2020
tt0435761,Toy Story 3,760600,8.2,2010,Adventure,2010 - 2020
tt4729430,Klaus,107201,8.2,2019,Adventure,2010 - 2020
tt1392190,Mad Max: Fury Road,887264,8.1,2015,Adventure,2010 - 2020
tt1375666,Inception,2079706,8.8,2010,Action,2010 - 2020
tt5813916,The Mountain II,105338,8.8,2016,Action,2010 - 2020
tt4154756,Avengers: Infinity War,844115,8.4,2018,Action,2010 - 2020
tt4154796,Avengers: Endgame,824450,8.4,2019,Action,2010 - 2020
tt4633694,Spider-Man: Into the Spider-Verse,381270,8.4,2018,Action,2010 - 2020
tt5074352,Dangal,158059,8.4,2016,Action,2010 - 2020
tt1345836,The Dark Knight Rises,1523432,8.4,2012,Action,2010 - 2020
tt1291584,Warrior,437865,8.2,2011,Action,2010 - 2020
tt1392190,Mad Max: Fury Road,887264,8.1,2015,Action,2010 - 2020
tt0892769,How to Train Your Dragon,669965,8.1,2010,Action,2010 - 2020
tt0361748,Inglourious Basterds,1276172,8.3,2009,War,2000 - 2010
tt0457430,Pan's Labyrinth,621164,8.2,2006,War,2000 - 2010
tt0914798,The Boy in the Striped Pajamas,191785,7.8,2008,War,2000 - 2010
tt0265086,Black Hawk Down,365540,7.7,2001,War,2000 - 2010
tt0215750,Enemy at the Gates,244666,7.6,2001,War,2000 - 2010
tt0887912,The Hurt Locker,423158,7.5,2008,War,2000 - 2010
tt0361596,Fahrenheit 9/11,126464,7.5,2004,War,2000 - 2010
tt0942385,Tropic Thunder,379076,7.0,2008,War,2000 - 2010
tt1234548,The Men Who Stare at Goats,127225,6.2,2009,War,2000 - 2010
tt0407887,The Departed,1196522,8.5,2006,Thriller,2000 - 2010
tt0405094,The Lives of Others,360655,8.4,2006,Thriller,2000 - 2010
tt0209144,Memento,1131011,8.4,2000,Thriller,2000 - 2010
tt0477348,No Country for Old Men,862138,8.1,2007,Thriller,2000 - 2010
tt0245712,Amores Perros,224661,8.1,2000,Thriller,2000 - 2010
tt0401792,Sin City,739514,8.0,2005,Thriller,2000 - 2010
tt0378194,Kill Bill: Volume 2,687046,8.0,2004,Thriller,2000 - 2010
tt0440963,The Bourne Ultimatum,606009,8.0,2007,Thriller,2000 - 2010
tt0381061,Casino Royale,584138,8.0,2006,Thriller,2000 - 2010
tt0450259,Blood Diamond,501644,8.0,2006,Thriller,2000 - 2010
tt0405159,Million Dollar Baby,638796,8.1,2004,Sport,2000 - 2010
tt0169102,Lagaan: Once Upon a Time in India,105464,8.1,2001,Sport,2000 - 2010
tt1125849,The Wrestler,290154,7.9,2008,Sport,2000 - 2010
tt0210945,Remember the Titans,199009,7.8,2000,Sport,2000 - 2010
tt0878804,The Blind Side,294815,7.6,2009,Sport,2000 - 2010
tt0385002,Green Street Hooligans,142295,7.5,2005,Sport,2000 - 2010
tt0393162,Coach Carter,129565,7.3,2005,Sport,2000 - 2010
tt0479143,Rocky Balboa,204909,7.1,2006,Sport,2000 - 2010
tt0364725,Dodgeball,229951,6.7,2004,Sport,2000 - 2010
tt0415306,Talladega Nights: The Ballad of Ricky Bobby,168270,6.6,2006,Sport,2000 - 2010
tt0482571,The Prestige,1197233,8.5,2006,Sci-Fi,2000 - 2010
tt0338013,Eternal Sunshine of the Spotless Mind,916049,8.3,2004,Sci-Fi,2000 - 2010
tt0434409,V for Vendetta,1036939,8.2,2005,Sci-Fi,2000 - 2010
tt0246578,Donnie Darko,742748,8.0,2001,Sci-Fi,2000 - 2010
tt0371746,Iron Man,944440,7.9,2008,Sci-Fi,2000 - 2010
tt1136608,District 9,639918,7.9,2009,Sci-Fi,2000 - 2010
tt0796366,Star Trek,578434,7.9,2009,Sci-Fi,2000 - 2010
tt0206634,Children of Men,466639,7.9,2006,Sci-Fi,2000 - 2010
tt1182345,Moon,336220,7.9,2009,Sci-Fi,2000 - 2010
tt0379786,Serenity,283918,7.8,2005,Sci-Fi,2000 - 2010
tt0338013,Eternal Sunshine of the Spotless Mind,916049,8.3,2004,Romance,2000 - 2010
tt0211915,Amelie,706551,8.3,2001,Romance,2000 - 2010
tt1305806,The Secret in Their Eyes,194262,8.2,2009,Romance,2000 - 2010
tt0381681,Before Sunset,237854,8.1,2004,Romance,2000 - 2010
tt0118694,In the Mood for Love,125560,8.1,2000,Romance,2000 - 2010
tt1010048,Slumdog Millionaire,801379,8.0,2008,Romance,2000 - 2010
tt0287467,Talk to Her,104992,7.9,2002,Romance,2000 - 2010
tt0421715,The Curious Case of Benjamin Button,592191,7.8,2008,Romance,2000 - 2010
tt0162222,Cast Away,527220,7.8,2000,Romance,2000 - 2010
tt0332280,The Notebook,523306,7.8,2004,Romance,2000 - 2010
tt0482571,The Prestige,1197233,8.5,2006,Mystery,2000 - 2010
tt0364569,Oldboy,518543,8.4,2003,Mystery,2000 - 2010
tt0405094,The Lives of Others,360655,8.4,2006,Mystery,2000 - 2010
tt0209144,Memento,1131011,8.4,2000,Mystery,2000 - 2010
tt1305806,The Secret in Their Eyes,194262,8.2,2009,Mystery,2000 - 2010
tt0353969,Memories of Murder,141636,8.1,2003,Mystery,2000 - 2010
tt0246578,Donnie Darko,742748,8.0,2001,Mystery,2000 - 2010
tt0440963,The Bourne Ultimatum,606009,8.0,2007,Mystery,2000 - 2010
tt0258463,The Bourne Identity,510591,7.9,2002,Mystery,2000 - 2010
tt0327056,Mystic River,420978,7.9,2003,Mystery,2000 - 2010
tt0169102,Lagaan: Once Upon a Time in India,105464,8.1,2001,Musical,2000 - 2010
tt0168629,Dancer in the Dark,102711,8.0,2000,Musical,2000 - 2010
tt0203009,Moulin Rouge!,267552,7.6,2001,Musical,2000 - 2010
tt0408236,Sweeney Todd: The Demon Barber of Fleet Street,345422,7.3,2007,Musical,2000 - 2010
tt0299658,Chicago,216737,7.2,2002,Musical,2000 - 2010
tt0293508,The Phantom of the Opera,116586,7.2,2004,Musical,2000 - 2010
tt0427327,Hairspray,120145,6.6,2007,Musical,2000 - 2010
tt0795421,Mamma Mia!,217338,6.4,2008,Musical,2000 - 2010
tt0253474,The Pianist,734708,8.5,2002,Music,2000 - 2010
tt0358273,Walk the Line,235095,7.8,2005,Music,2000 - 2010
tt0907657,Once,110990,7.8,2007,Music,2000 - 2010
tt0350258,Ray,138950,7.7,2004,Music,2000 - 2010
tt0249462,Billy Elliot,127239,7.7,2000,Music,2000 - 2010
tt0146882,High Fidelity,168862,7.5,2000,Music,2000 - 2010
tt0426931,August Rush,103736,7.5,2007,Music,2000 - 2010
tt1131729,Pirate Radio,107571,7.4,2009,Music,2000 - 2010
tt0332379,School of Rock,270396,7.1,2003,Music,2000 - 2010
tt0298203,8 Mile,250855,7.1,2002,Music,2000 - 2010
tt0365748,Shaun of the Dead,514099,7.9,2004,Horror,2000 - 2010
tt0387564,Saw,380420,7.6,2004,Horror,2000 - 2010
tt0289043,28 Days Later...,378127,7.6,2002,Horror,2000 - 2010
tt0230600,The Others,339075,7.6,2001,Horror,2000 - 2010
tt0462322,Grindhouse,178263,7.5,2007,Horror,2000 - 2010
tt0464141,The Orphanage,147286,7.4,2007,Horror,2000 - 2010
tt0290673,Irreversible,121023,7.4,2002,Horror,2000 - 2010
tt0408236,Sweeney Todd: The Demon Barber of Fleet Street,345422,7.3,2007,Horror,2000 - 2010
tt0363547,Dawn of the Dead,234701,7.3,2004,Horror,2000 - 2010
tt0435625,The Descent,202302,7.2,2005,Horror,2000 - 2010
tt0363163,Downfall,332707,8.2,2004,History,2000 - 2010
tt0395169,Hotel Rwanda,335555,8.1,2004,History,2000 - 2010
tt0352248,Cinderella Man,176767,8.0,2005,History,2000 - 2010
tt0299977,Hero,174343,7.9,2002,History,2000 - 2010
tt0914798,The Boy in the Striped Pajamas,191785,7.8,2008,History,2000 - 2010
tt0265086,Black Hawk Down,365540,7.7,2001,History,2000 - 2010
tt0455590,The Last King of Scotland,175999,7.7,2006,History,2000 - 2010
tt0870111,Frost/Nixon,103616,7.7,2008,History,2000 - 2010
tt0215750,Enemy at the Gates,244666,7.6,2001,History,2000 - 2010
tt0408306,Munich,213130,7.5,2005,History,2000 - 2010
tt0457430,Pan's Labyrinth,621164,8.2,2006,Fantasy,2000 - 2010
tt0319061,Big Fish,416655,8.0,2003,Fantasy,2000 - 2010
tt0325980,Pirates of the Caribbean: The Curse of the Black Pearl,1018175,8.0,2003,Fantasy,2000 - 2010
tt0304141,Harry Potter and the Prisoner of Azkaban,555691,7.9,2004,Fantasy,2000 - 2010
tt1139797,Let the Right One In,206131,7.9,2008,Fantasy,2000 - 2010
tt0756683,The Man From Earth,174786,7.9,2007,Fantasy,2000 - 2010
tt0460791,The Fall,107557,7.9,2006,Fantasy,2000 - 2010
tt0421715,The Curious Case of Benjamin Button,592191,7.8,2008,Fantasy,2000 - 2010
tt0190332,"Crouching Tiger, Hidden Dragon",254113,7.8,2000,Fantasy,2000 - 2010
tt0485947,Mr. Nobody,217396,7.8,2009,Fantasy,2000 - 2010
tt0245429,Spirited Away,656701,8.6,2001,Family,2000 - 2010
tt0986264,Like Stars on Earth,170334,8.4,2007,Family,2000 - 2010
tt0910970,WALL-E,1005050,8.4,2008,Family,2000 - 2010
tt0347149,Howl's Moving Castle,336990,8.2,2004,Family,2000 - 2010
tt1028532,Hachi: A Dog's Tale,255164,8.1,2009,Family,2000 - 2010
tt0304141,Harry Potter and the Prisoner of Azkaban,555691,7.9,2004,Family,2000 - 2010
tt0330373,Harry Potter and the Goblet of Fire,551743,7.7,2005,Family,2000 - 2010
tt0327597,Coraline,198694,7.7,2009,Family,2000 - 2010
tt0241527,Harry Potter and the Sorcerer's Stone,662703,7.6,2001,Family,2000 - 2010
tt0417741,Harry Potter and the Half-Blood Prince,477759,7.6,2009,Family,2000 - 2010
tt0468569,The Dark Knight,2315682,9.0,2008,Drama,2000 - 2010
tt0167260,The Lord of the Rings: The Return of the King,1650871,8.9,2003,Drama,2000 - 2010
tt0120737,The Lord of the Rings: The Fellowship of the Ring,1670192,8.8,2001,Drama,2000 - 2010
tt0167261,The Lord of the Rings: The Two Towers,1492927,8.7,2002,Drama,2000 - 2010
tt0317248,City of God,702151,8.6,2002,Drama,2000 - 2010
tt0253474,The Pianist,734708,8.5,2002,Drama,2000 - 2010
tt0172495,Gladiator,1348270,8.5,2000,Drama,2000 - 2010
tt0482571,The Prestige,1197233,8.5,2006,Drama,2000 - 2010
tt0407887,The Departed,1196522,8.5,2006,Drama,2000 - 2010
tt0364569,Oldboy,518543,8.4,2003,Drama,2000 - 2010
tt0310793,Bowling for Columbine,139914,7.9,2002,Documentary,2000 - 2010
tt0361596,Fahrenheit 9/11,126464,7.5,2004,Documentary,2000 - 2010
tt0390521,Super Size Me,101340,7.2,2004,Documentary,2000 - 2010
tt0468569,The Dark Knight,2315682,9.0,2008,Crime,2000 - 2010
tt0317248,City of God,702151,8.6,2002,Crime,2000 - 2010
tt0407887,The Departed,1196522,8.5,2006,Crime,2000 - 2010
tt0208092,Snatch,785392,8.3,2000,Crime,2000 - 2010
tt0405508,Rang De Basanti,112386,8.2,2006,Crime,2000 - 2010
tt0477348,No Country for Old Men,862138,8.1,2007,Crime,2000 - 2010
tt0264464,Catch Me If You Can,839667,8.1,2002,Crime,2000 - 2010
tt0353969,Memories of Murder,141636,8.1,2003,Crime,2000 - 2010
tt0266697,Kill Bill: Vol. 1,1005602,8.1,2003,Crime,2000 - 2010
tt0401792,Sin City,739514,8.0,2005,Crime,2000 - 2010
tt1187043,3 Idiots,346675,8.4,2009,Comedy,2000 - 2010
tt0208092,Snatch,785392,8.3,2000,Comedy,2000 - 2010
tt0211915,Amelie,706551,8.3,2001,Comedy,2000 - 2010
tt1049413,Up,940552,8.2,2009,Comedy,2000 - 2010
tt0405508,Rang De Basanti,112386,8.2,2006,Comedy,2000 - 2010
tt0266543,Finding Nemo,953737,8.1,2003,Comedy,2000 - 2010
tt0198781,"Monsters, Inc.",819619,8.1,2001,Comedy,2000 - 2010
tt0978762,Mary and Max,165144,8.1,2009,Comedy,2000 - 2010
tt0382932,Ratatouille,645081,8.0,2007,Comedy,2000 - 2010
tt0365748,Shaun of the Dead,514099,7.9,2004,Comedy,2000 - 2010
tt0253474,The Pianist,734708,8.5,2002,Biography,2000 - 2010
tt0268978,A Beautiful Mind,853631,8.2,2001,Biography,2000 - 2010
tt0363163,Downfall,332707,8.2,2004,Biography,2000 - 2010
tt0264464,Catch Me If You Can,839667,8.1,2002,Biography,2000 - 2010
tt0758758,Into the Wild,575852,8.1,2007,Biography,2000 - 2010
tt0395169,Hotel Rwanda,335555,8.1,2004,Biography,2000 - 2010
tt1028532,Hachi: A Dog's Tale,255164,8.1,2009,Biography,2000 - 2010
tt0454921,The Pursuit of Happyness,451394,8.0,2006,Biography,2000 - 2010
tt1220719,Ip Man,212047,8.0,2008,Biography,2000 - 2010
tt0352248,Cinderella Man,176767,8.0,2005,Biography,2000 - 2010
tt0245429,Spirited Away,656701,8.6,2001,Animation,2000 - 2010
tt0910970,WALL-E,1005050,8.4,2008,Animation,2000 - 2010
tt1049413,Up,940552,8.2,2009,Animation,2000 - 2010
tt0347149,Howl's Moving Castle,336990,8.2,2004,Animation,2000 - 2010
tt0266543,Finding Nemo,953737,8.1,2003,Animation,2000 - 2010
tt0198781,"Monsters, Inc.",819619,8.1,2001,Animation,2000 - 2010
tt0978762,Mary and Max,165144,8.1,2009,Animation,2000 - 2010
tt0317705,The Incredibles,659745,8.0,2004,Animation,2000 - 2010
tt0382932,Ratatouille,645081,8.0,2007,Animation,2000 - 2010
tt0432283,Fantastic Mr. Fox,201459,7.9,2009,Animation,2000 - 2010
tt0167260,The Lord of the Rings: The Return of the King,1650871,8.9,2003,Adventure,2000 - 2010
tt0120737,The Lord of the Rings: The Fellowship of the Ring,1670192,8.8,2001,Adventure,2000 - 2010
tt0167261,The Lord of the Rings: The Two Towers,1492927,8.7,2002,Adventure,2000 - 2010
tt0245429,Spirited Away,656701,8.6,2001,Adventure,2000 - 2010
tt0172495,Gladiator,1348270,8.5,2000,Adventure,2000 - 2010
tt0910970,WALL-E,1005050,8.4,2008,Adventure,2000 - 2010
tt0361748,Inglourious Basterds,1276172,8.3,2009,Adventure,2000 - 2010
tt1049413,Up,940552,8.2,2009,Adventure,2000 - 2010
tt0347149,Howl's Moving Castle,336990,8.2,2004,Adventure,2000 - 2010
tt0372784,Batman Begins,1314259,8.2,2005,Adventure,2000 - 2010
tt0468569,The Dark Knight,2315682,9.0,2008,Action,2000 - 2010
tt0167260,The Lord of the Rings: The Return of the King,1650871,8.9,2003,Action,2000 - 2010
tt0120737,The Lord of the Rings: The Fellowship of the Ring,1670192,8.8,2001,Action,2000 - 2010
tt0167261,The Lord of the Rings: The Two Towers,1492927,8.7,2002,Action,2000 - 2010
tt0172495,Gladiator,1348270,8.5,2000,Action,2000 - 2010
tt0364569,Oldboy,518543,8.4,2003,Action,2000 - 2010
tt0372784,Batman Begins,1314259,8.2,2005,Action,2000 - 2010
tt0434409,V for Vendetta,1036939,8.2,2005,Action,2000 - 2010
tt0266697,Kill Bill: Vol. 1,1005602,8.1,2003,Action,2000 - 2010
tt0378194,Kill Bill: Volume 2,687046,8.0,2004,Action,2000 - 2010
tt0105695,Unforgiven,377647,8.2,1992,Western,1990 - 2000
tt0099348,Dances with Wolves,241413,8.0,1990,Western,1990 - 2000
tt0120815,Saving Private Ryan,1242566,8.6,1998,War,1990 - 2000
tt0120863,The Thin Red Line,173481,7.6,1998,War,1990 - 2000
tt0110322,Legends of the Fall,150133,7.6,1994,War,1990 - 2000
tt0116209,The English Patient,179439,7.4,1996,War,1990 - 2000
tt0102926,The Silence of the Lambs,1279064,8.6,1991,Thriller,1990 - 2000
tt0114814,The Usual Suspects,995952,8.5,1995,Thriller,1990 - 2000
tt0105236,Reservoir Dogs,923346,8.3,1992,Thriller,1990 - 2000
tt0113277,Heat,580778,8.2,1995,Thriller,1990 - 2000
tt0167404,The Sixth Sense,914899,8.1,1999,Thriller,1990 - 2000
tt0116282,Fargo,620603,8.1,1996,Thriller,1990 - 2000
tt0114746,12 Monkeys,580547,8.0,1995,Thriller,1990 - 2000
tt0102138,JFK,142755,8.0,1991,Thriller,1990 - 2000
tt0106519,Carlito's Way,201919,7.9,1993,Thriller,1990 - 2000
tt0119174,The Game,346822,7.8,1997,Thriller,1990 - 2000
tt0118715,The Big Lebowski,735907,8.1,1998,Sport,1990 - 2000
tt0116483,Happy Gilmore,198530,7.0,1996,Sport,1990 - 2000
tt0146838,Any Given Sunday,112449,6.9,1999,Sport,1990 - 2000
tt0120484,The Waterboy,149563,6.2,1998,Sport,1990 - 2000
tt0100507,Rocky V,127630,5.3,1990,Sport,1990 - 2000
tt0133093,The Matrix,1685797,8.7,1999,Sci-Fi,1990 - 2000
tt0103064,Terminator 2: Judgment Day,999629,8.5,1991,Sci-Fi,1990 - 2000
tt0107290,Jurassic Park,872054,8.1,1993,Sci-Fi,1990 - 2000
tt0114746,12 Monkeys,580547,8.0,1995,Sci-Fi,1990 - 2000
tt0119177,Gattaca,281845,7.8,1997,Sci-Fi,1990 - 2000
tt0119116,The Fifth Element,435775,7.7,1997,Sci-Fi,1990 - 2000
tt0118929,Dark City,188452,7.6,1998,Sci-Fi,1990 - 2000
tt0100802,Total Recall,303703,7.5,1990,Sci-Fi,1990 - 2000
tt0099088,Back to the Future Part III,407507,7.4,1990,Sci-Fi,1990 - 2000
tt0118884,Contact,255548,7.4,1997,Sci-Fi,1990 - 2000
tt0109830,Forrest Gump,1820817,8.8,1994,Romance,1990 - 2000
tt0118799,Life Is Beautiful,627430,8.6,1997,Romance,1990 - 2000
tt0119217,Good Will Hunting,866609,8.3,1997,Romance,1990 - 2000
tt0112471,Before Sunrise,274207,8.1,1995,Romance,1990 - 2000
tt0107048,Groundhog Day,582009,8.0,1993,Romance,1990 - 2000
tt0099487,Edward Scissorhands,449080,7.9,1990,Romance,1990 - 2000
tt0108399,True Romance,207863,7.9,1993,Romance,1990 - 2000
tt0106489,A Bronx Tale,128842,7.8,1993,Romance,1990 - 2000
tt0120338,Titanic,1051806,7.8,1997,Romance,1990 - 2000
tt0119822,As Good as It Gets,276878,7.7,1997,Romance,1990 - 2000
tt0114369,Se7en,1454343,8.6,1995,Mystery,1990 - 2000
tt0114814,The Usual Suspects,995952,8.5,1995,Mystery,1990 - 2000
tt0119488,L.A. Confidential,534433,8.2,1997,Mystery,1990 - 2000
tt0167404,The Sixth Sense,914899,8.1,1999,Mystery,1990 - 2000
tt0114746,12 Monkeys,580547,8.0,1995,Mystery,1990 - 2000
tt0119174,The Game,346822,7.8,1997,Mystery,1990 - 2000
tt0117381,Primal Fear,190916,7.7,1996,Mystery,1990 - 2000
tt0118929,Dark City,188452,7.6,1998,Mystery,1990 - 2000
tt0116922,Lost Highway,131858,7.6,1997,Mystery,1990 - 2000
tt0118971,The Devil's Advocate,333327,7.5,1997,Mystery,1990 - 2000
tt0107977,Robin Hood: Men In Tights,116673,6.7,1993,Musical,1990 - 2000
tt0105793,Wayne's World,144658,7.0,1992,Music,1990 - 2000
tt0120888,The Wedding Singer,135578,6.8,1998,Music,1990 - 2000
tt0103855,The Bodyguard,120397,6.3,1992,Music,1990 - 2000
tt0110148,Interview With the Vampire: The Vampire Chronicles,295836,7.5,1994,Horror,1990 - 2000
tt0106308,Army of Darkness,163206,7.5,1992,Horror,1990 - 2000
tt0103874,Bram Stoker's Dracula,193731,7.4,1992,Horror,1990 - 2000
tt0138704,Pi,170434,7.4,1998,Horror,1990 - 2000
tt0162661,Sleepy Hollow,333238,7.3,1999,Horror,1990 - 2000
tt0117571,Scream,288794,7.3,1996,Horror,1990 - 2000
tt0116367,From Dusk Till Dawn,288170,7.2,1996,Horror,1990 - 2000
tt0120611,Blade,246237,7.1,1998,Horror,1990 - 2000
tt0100814,Tremors,121016,7.1,1990,Horror,1990 - 2000
tt0119081,Event Horizon,160292,6.7,1997,Horror,1990 - 2000
tt0108052,Schindler's List,1219581,8.9,1993,History,1990 - 2000
tt0112573,Braveheart,963117,8.3,1995,History,1990 - 2000
tt0102138,JFK,142755,8.0,1991,History,1990 - 2000
tt0112384,Apollo 13,270694,7.6,1995,History,1990 - 2000
tt0138097,Shakespeare in Love,214687,7.1,1998,History,1990 - 2000
tt0120657,The 13th Warrior,116660,6.6,1999,History,1990 - 2000
tt0120689,The Green Mile,1155177,8.6,1999,Fantasy,1990 - 2000
tt0107048,Groundhog Day,582009,8.0,1993,Fantasy,1990 - 2000
tt0101414,Beauty And The Beast,418399,8.0,1991,Fantasy,1990 - 2000
tt0107688,The Nightmare Before Christmas,301181,8.0,1993,Fantasy,1990 - 2000
tt0099487,Edward Scissorhands,449080,7.9,1990,Fantasy,1990 - 2000
tt0120601,Being John Malkovich,313640,7.7,1999,Fantasy,1990 - 2000
tt0158983,"South Park: Bigger, Longer & Uncut",192501,7.7,1999,Fantasy,1990 - 2000
tt0109506,The Crow,167118,7.6,1994,Fantasy,1990 - 2000
tt0106308,Army of Darkness,163206,7.5,1992,Fantasy,1990 - 2000
tt0120789,Pleasantville,121837,7.5,1998,Fantasy,1990 - 2000
tt0101414,Beauty And The Beast,418399,8.0,1991,Family,1990 - 2000
tt0107688,The Nightmare Before Christmas,301181,8.0,1993,Family,1990 - 2000
tt0099785,Home Alone,490867,7.6,1990,Family,1990 - 2000
tt0120762,Mulan,258248,7.6,1998,Family,1990 - 2000
tt0120855,Tarzan,204982,7.3,1999,Family,1990 - 2000
tt0113497,Jumanji,310519,7.0,1995,Family,1990 - 2000
tt0107614,Mrs. Doubtfire,247082,7.0,1993,Family,1990 - 2000
tt0116583,The Hunchback of Notre Dame,142834,6.9,1996,Family,1990 - 2000
tt0117008,Matilda,130506,6.9,1996,Family,1990 - 2000
tt0107120,Hocus Pocus,103943,6.9,1993,Family,1990 - 2000
tt0111161,The Shawshank Redemption,2356275,9.3,1994,Drama,1990 - 2000
tt0110912,Pulp Fiction,1836473,8.9,1994,Drama,1990 - 2000
tt0108052,Schindler's List,1219581,8.9,1993,Drama,1990 - 2000
tt0137523,Fight Club,1865119,8.8,1999,Drama,1990 - 2000
tt0109830,Forrest Gump,1820817,8.8,1994,Drama,1990 - 2000
tt0099685,Goodfellas,1027253,8.7,1990,Drama,1990 - 2000
tt0118799,Life Is Beautiful,627430,8.6,1997,Drama,1990 - 2000
tt0114369,Se7en,1454343,8.6,1995,Drama,1990 - 2000
tt0102926,The Silence of the Lambs,1279064,8.6,1991,Drama,1990 - 2000
tt0120815,Saving Private Ryan,1242566,8.6,1998,Drama,1990 - 2000
tt0110912,Pulp Fiction,1836473,8.9,1994,Crime,1990 - 2000
tt0099685,Goodfellas,1027253,8.7,1990,Crime,1990 - 2000
tt0114369,Se7en,1454343,8.6,1995,Crime,1990 - 2000
tt0102926,The Silence of the Lambs,1279064,8.6,1991,Crime,1990 - 2000
tt0120689,The Green Mile,1155177,8.6,1999,Crime,1990 - 2000
tt0114814,The Usual Suspects,995952,8.5,1995,Crime,1990 - 2000
tt0110413,Léon: The Professional,1041316,8.5,1994,Crime,1990 - 2000
tt0105236,Reservoir Dogs,923346,8.3,1992,Crime,1990 - 2000
tt0113277,Heat,580778,8.2,1995,Crime,1990 - 2000
tt0120735,"Lock, Stock and Two Smoking Barrels",537479,8.2,1998,Crime,1990 - 2000
tt0118799,Life Is Beautiful,627430,8.6,1997,Comedy,1990 - 2000
tt0114709,Toy Story,892197,8.3,1995,Comedy,1990 - 2000
tt0120735,"Lock, Stock and Two Smoking Barrels",537479,8.2,1998,Comedy,1990 - 2000
tt0120382,The Truman Show,945969,8.1,1998,Comedy,1990 - 2000
tt0118715,The Big Lebowski,735907,8.1,1998,Comedy,1990 - 2000
tt0107048,Groundhog Day,582009,8.0,1993,Comedy,1990 - 2000
tt0103639,Aladdin,375252,8.0,1992,Comedy,1990 - 2000
tt0120363,Toy Story 2,529797,7.9,1999,Comedy,1990 - 2000
tt0109707,Ed Wood,165364,7.8,1994,Comedy,1990 - 2000
tt0120601,Being John Malkovich,313640,7.7,1999,Comedy,1990 - 2000
tt0108052,Schindler's List,1219581,8.9,1993,Biography,1990 - 2000
tt0099685,Goodfellas,1027253,8.7,1990,Biography,1990 - 2000
tt0112573,Braveheart,963117,8.3,1995,Biography,1990 - 2000
tt0107207,In the Name of the Father,157732,8.1,1993,Biography,1990 - 2000
tt0109707,Ed Wood,165364,7.8,1994,Biography,1990 - 2000
tt0140352,The Insider,160526,7.8,1999,Biography,1990 - 2000
tt0108358,Tombstone,127483,7.8,1993,Biography,1990 - 2000
tt0099077,Awakenings,126269,7.8,1990,Biography,1990 - 2000
tt0119008,Donnie Brasco,281237,7.7,1997,Biography,1990 - 2000
tt0125664,Man on the Moon,124539,7.4,1999,Biography,1990 - 2000
tt0110357,The Lion King,947544,8.5,1994,Animation,1990 - 2000
tt0119698,Princess Mononoke,345844,8.4,1997,Animation,1990 - 2000
tt0114709,Toy Story,892197,8.3,1995,Animation,1990 - 2000
tt0101414,Beauty And The Beast,418399,8.0,1991,Animation,1990 - 2000
tt0103639,Aladdin,375252,8.0,1992,Animation,1990 - 2000
tt0107688,The Nightmare Before Christmas,301181,8.0,1993,Animation,1990 - 2000
tt0129167,The Iron Giant,172819,8.0,1999,Animation,1990 - 2000
tt0113568,Ghost in the Shell,130027,8.0,1995,Animation,1990 - 2000
tt0120363,Toy Story 2,529797,7.9,1999,Animation,1990 - 2000
tt0158983,"South Park: Bigger, Longer & Uncut",192501,7.7,1999,Animation,1990 - 2000
tt0110357,The Lion King,947544,8.5,1994,Adventure,1990 - 2000
tt0119698,Princess Mononoke,345844,8.4,1997,Adventure,1990 - 2000
tt0114709,Toy Story,892197,8.3,1995,Adventure,1990 - 2000
tt0107290,Jurassic Park,872054,8.1,1993,Adventure,1990 - 2000
tt0103639,Aladdin,375252,8.0,1992,Adventure,1990 - 2000
tt0099348,Dances with Wolves,241413,8.0,1990,Adventure,1990 - 2000
tt0129167,The Iron Giant,172819,8.0,1999,Adventure,1990 - 2000
tt0120363,Toy Story 2,529797,7.9,1999,Adventure,1990 - 2000
tt0119116,The Fifth Element,435775,7.7,1997,Adventure,1990 - 2000
tt0104691,The Last of the Mohicans,151663,7.7,1992,Adventure,1990 - 2000
tt0133093,The Matrix,1685797,8.7,1999,Action,1990 - 2000
tt0103064,Terminator 2: Judgment Day,999629,8.5,1991,Action,1990 - 2000
tt0110413,Léon: The Professional,1041316,8.5,1994,Action,1990 - 2000
tt0119698,Princess Mononoke,345844,8.4,1997,Action,1990 - 2000
tt0120735,"Lock, Stock and Two Smoking Barrels",537479,8.2,1998,Action,1990 - 2000
tt0107290,Jurassic Park,872054,8.1,1993,Action,1990 - 2000
tt0129167,The Iron Giant,172819,8.0,1999,Action,1990 - 2000
tt0113568,Ghost in the Shell,130027,8.0,1995,Action,1990 - 2000
tt0106977,The Fugitive,268733,7.8,1993,Action,1990 - 2000
tt0144117,The Boondock Saints,227657,7.8,1999,Action,1990 - 2000
tt0095327,Grave of the Fireflies,237312,8.5,1988,War,1980 - 1990
tt0093058,Full Metal Jacket,678385,8.3,1987,War,1980 - 1990
tt0089881,Ran,113259,8.2,1985,War,1980 - 1990
tt0091763,Platoon,382877,8.1,1986,War,1980 - 1990
tt0082096,Das Boot,232984,8.3,1981,Thriller,1980 - 1990
tt0095016,Die Hard,796227,8.2,1988,Thriller,1980 - 1990
tt0083658,Blade Runner,696827,8.1,1982,Thriller,1980 - 1990
tt0094226,The Untouchables,283457,7.9,1987,Thriller,1980 - 1990
tt0090756,Blue Velvet,182254,7.7,1986,Thriller,1980 - 1990
tt0093409,Lethal Weapon,237769,7.6,1987,Thriller,1980 - 1990
tt0084516,Poltergeist,145008,7.3,1982,Thriller,1980 - 1990
tt0097733,Lethal Weapon 2,162712,7.2,1989,Thriller,1980 - 1990
tt0093177,Hellraiser,104754,7.0,1987,Thriller,1980 - 1990
tt0088944,Commando,147047,6.7,1985,Thriller,1980 - 1990
tt0081398,Raging Bull,323462,8.2,1980,Sport,1980 - 1990
tt0080487,Caddyshack,105588,7.3,1980,Sport,1980 - 1990
tt0089927,Rocky IV,188289,6.9,1985,Sport,1980 - 1990
tt0084602,Rocky III,175345,6.8,1982,Sport,1980 - 1990
tt0088763,Back to the Future,1064251,8.5,1985,Sci-Fi,1980 - 1990
tt0090605,Aliens,655347,8.3,1986,Sci-Fi,1980 - 1990
tt0083658,Blade Runner,696827,8.1,1982,Sci-Fi,1980 - 1990
tt0084787,The Thing,373155,8.1,1982,Sci-Fi,1980 - 1990
tt0088247,The Terminator,801811,8.0,1984,Sci-Fi,1980 - 1990
tt0094625,Akira,165904,8.0,1988,Sci-Fi,1980 - 1990
tt0088846,Brazil,188191,7.9,1985,Sci-Fi,1980 - 1990
tt0096874,Back To The Future II,483865,7.8,1989,Sci-Fi,1980 - 1990
tt0083866,E.T. the Extra-Terrestrial,373998,7.8,1982,Sci-Fi,1980 - 1990
tt0093773,Predator,372937,7.8,1987,Sci-Fi,1980 - 1990
tt0095765,Cinema Paradiso,232326,8.5,1988,Romance,1980 - 1990
tt0098635,When Harry Met Sally...,196881,7.6,1989,Romance,1980 - 1990
tt0088128,Sixteen Candles,106080,7.1,1984,Romance,1980 - 1990
tt0092890,Dirty Dancing,205072,7.0,1987,Romance,1980 - 1990
tt0094898,Coming to America,174463,7.0,1988,Romance,1980 - 1990
tt0084787,The Thing,373155,8.1,1982,Mystery,1980 - 1990
tt0090756,Blue Velvet,182254,7.7,1986,Mystery,1980 - 1990
tt0091605,The Name of the Rose,102430,7.7,1986,Mystery,1980 - 1990
tt0096754,The Abyss,163210,7.5,1989,Mystery,1980 - 1990
tt0080761,Friday the 13th,120553,6.5,1980,Mystery,1980 - 1990
tt0085959,Monty Python's Meaning Of Life,114331,7.5,1983,Musical,1980 - 1990
tt0088258,This Is Spinal Tap,129293,7.9,1984,Music,1980 - 1990
tt0092890,Dirty Dancing,205072,7.0,1987,Music,1980 - 1990
tt0096928,Bill and Ted's Excellent Adventure,119320,7.0,1989,Music,1980 - 1990
tt0081505,The Shining,903691,8.4,1980,Horror,1980 - 1990
tt0084787,The Thing,373155,8.1,1982,Horror,1980 - 1990
tt0091064,The Fly,160517,7.6,1986,Horror,1980 - 1990
tt0087800,A Nightmare on Elm Street,208007,7.5,1984,Horror,1980 - 1990
tt0083907,Evil Dead,188008,7.5,1981,Horror,1980 - 1990
tt0087363,Gremlins,200685,7.3,1984,Horror,1980 - 1990
tt0084516,Poltergeist,145008,7.3,1982,Horror,1980 - 1990
tt0093437,The Lost Boys,124631,7.3,1987,Horror,1980 - 1990
tt0096256,They Live,110932,7.3,1988,Horror,1980 - 1990
tt0093177,Hellraiser,104754,7.0,1987,Horror,1980 - 1990
tt0086879,Amadeus,370696,8.3,1984,History,1980 - 1990
tt0083987,Gandhi,218260,8.0,1982,History,1980 - 1990
tt0097441,Glory,123719,7.8,1989,History,1980 - 1990
tt0092965,Empire of the Sun,116227,7.7,1987,History,1980 - 1990
tt0080684,Star Wars: Episode V - The Empire Strikes Back,1164843,8.7,1980,Fantasy,1980 - 1990
tt0086190,Star Wars: Episode VI - Return of the Jedi,954850,8.3,1983,Fantasy,1980 - 1990
tt0096283,My Neighbor Totoro,293834,8.2,1988,Fantasy,1980 - 1990
tt0087544,Nausicaä of the Valley of the Wind,152087,8.1,1984,Fantasy,1980 - 1990
tt0093779,The Princess Bride,395421,8.0,1987,Fantasy,1980 - 1990
tt0087332,Ghostbusters,356759,7.8,1984,Fantasy,1980 - 1990
tt0092991,Evil Dead II,148843,7.8,1987,Fantasy,1980 - 1990
tt0097757,The Little Mermaid,238800,7.6,1989,Fantasy,1980 - 1990
tt0094721,Beetlejuice,264916,7.5,1988,Fantasy,1980 - 1990
tt0097351,Field of Dreams,108469,7.5,1989,Fantasy,1980 - 1990
tt0096283,My Neighbor Totoro,293834,8.2,1988,Family,1980 - 1990
tt0093779,The Princess Bride,395421,8.0,1987,Family,1980 - 1990
tt0085334,A Christmas Story,133253,7.9,1983,Family,1980 - 1990
tt0083866,E.T. the Extra-Terrestrial,373998,7.8,1982,Family,1980 - 1990
tt0089218,The Goonies,245792,7.8,1985,Family,1980 - 1990
tt0097757,The Little Mermaid,238800,7.6,1989,Family,1980 - 1990
tt0097351,Field of Dreams,108469,7.5,1989,Family,1980 - 1990
tt0088323,The NeverEnding Story,133049,7.4,1984,Family,1980 - 1990
tt0091369,Labyrinth,124608,7.4,1986,Family,1980 - 1990
tt0087538,The Karate Kid,199393,7.3,1984,Family,1980 - 1990
tt0095327,Grave of the Fireflies,237312,8.5,1988,Drama,1980 - 1990
tt0095765,Cinema Paradiso,232326,8.5,1988,Drama,1980 - 1990
tt0081505,The Shining,903691,8.4,1980,Drama,1980 - 1990
tt0087843,Once Upon a Time in America,313368,8.4,1984,Drama,1980 - 1990
tt0086250,Scarface,745587,8.3,1983,Drama,1980 - 1990
tt0093058,Full Metal Jacket,678385,8.3,1987,Drama,1980 - 1990
tt0086879,Amadeus,370696,8.3,1984,Drama,1980 - 1990
tt0082096,Das Boot,232984,8.3,1981,Drama,1980 - 1990
tt0081398,Raging Bull,323462,8.2,1980,Drama,1980 - 1990
tt0089881,Ran,113259,8.2,1985,Drama,1980 - 1990
tt0087843,Once Upon a Time in America,313368,8.4,1984,Crime,1980 - 1990
tt0086250,Scarface,745587,8.3,1983,Crime,1980 - 1990
tt0094226,The Untouchables,283457,7.9,1987,Crime,1980 - 1990
tt0091605,The Name of the Rose,102430,7.7,1986,Crime,1980 - 1990
tt0093409,Lethal Weapon,237769,7.6,1987,Crime,1980 - 1990
tt0093870,Robocop,234094,7.6,1987,Crime,1980 - 1990
tt0095705,The Naked Gun: From the Files of Police Squad!,153727,7.6,1988,Crime,1980 - 1990
tt0095159,A Fish Called Wanda,132093,7.5,1988,Crime,1980 - 1990
tt0094291,Wall Street,144395,7.4,1987,Crime,1980 - 1990
tt0086960,Beverly Hills Cop,164743,7.3,1984,Crime,1980 - 1990
tt0088763,Back to the Future,1064251,8.5,1985,Comedy,1980 - 1990
tt0097165,Dead Poets Society,428819,8.1,1989,Comedy,1980 - 1990
tt0080455,The Blues Brothers,183980,7.9,1980,Comedy,1980 - 1990
tt0085334,A Christmas Story,133253,7.9,1983,Comedy,1980 - 1990
tt0088258,This Is Spinal Tap,129293,7.9,1984,Comedy,1980 - 1990
tt0096874,Back To The Future II,483865,7.8,1989,Comedy,1980 - 1990
tt0088847,The Breakfast Club,358589,7.8,1985,Comedy,1980 - 1990
tt0087332,Ghostbusters,356759,7.8,1984,Comedy,1980 - 1990
tt0091042,Ferris Bueller's Day Off,322597,7.8,1986,Comedy,1980 - 1990
tt0089218,The Goonies,245792,7.8,1985,Comedy,1980 - 1990
tt0086879,Amadeus,370696,8.3,1984,Biography,1980 - 1990
tt0081398,Raging Bull,323462,8.2,1980,Biography,1980 - 1990
tt0080678,The Elephant Man,221275,8.1,1980,Biography,1980 - 1990
tt0083987,Gandhi,218260,8.0,1982,Biography,1980 - 1990
tt0097441,Glory,123719,7.8,1989,Biography,1980 - 1990
tt0093105,"Good Morning, Vietnam",126576,7.3,1987,Biography,1980 - 1990
tt0095327,Grave of the Fireflies,237312,8.5,1988,Animation,1980 - 1990
tt0096283,My Neighbor Totoro,293834,8.2,1988,Animation,1980 - 1990
tt0087544,Nausicaä of the Valley of the Wind,152087,8.1,1984,Animation,1980 - 1990
tt0094625,Akira,165904,8.0,1988,Animation,1980 - 1990
tt0092067,Castle in the Sky,151079,8.0,1986,Animation,1980 - 1990
tt0097814,Kiki's Delivery Service,125403,7.8,1989,Animation,1980 - 1990
tt0096438,Who Framed Roger Rabbit,182641,7.7,1988,Animation,1980 - 1990
tt0097757,The Little Mermaid,238800,7.6,1989,Animation,1980 - 1990
tt0080684,Star Wars: Episode V - The Empire Strikes Back,1164843,8.7,1980,Adventure,1980 - 1990
tt0088763,Back to the Future,1064251,8.5,1985,Adventure,1980 - 1990
tt0082971,Indiana Jones and the Raiders of the Lost Ark,887673,8.4,1981,Adventure,1980 - 1990
tt0086190,Star Wars: Episode VI - Return of the Jedi,954850,8.3,1983,Adventure,1980 - 1990
tt0090605,Aliens,655347,8.3,1986,Adventure,1980 - 1990
tt0082096,Das Boot,232984,8.3,1981,Adventure,1980 - 1990
tt0097576,Indiana Jones and The Last Crusade,694980,8.2,1989,Adventure,1980 - 1990
tt0092005,Stand by Me,364999,8.1,1986,Adventure,1980 - 1990
tt0087544,Nausicaä of the Valley of the Wind,152087,8.1,1984,Adventure,1980 - 1990
tt0093779,The Princess Bride,395421,8.0,1987,Adventure,1980 - 1990
tt0080684,Star Wars: Episode V - The Empire Strikes Back,1164843,8.7,1980,Action,1980 - 1990
tt0082971,Indiana Jones and the Raiders of the Lost Ark,887673,8.4,1981,Action,1980 - 1990
tt0086190,Star Wars: Episode VI - Return of the Jedi,954850,8.3,1983,Action,1980 - 1990
tt0090605,Aliens,655347,8.3,1986,Action,1980 - 1990
tt0095016,Die Hard,796227,8.2,1988,Action,1980 - 1990
tt0097576,Indiana Jones and The Last Crusade,694980,8.2,1989,Action,1980 - 1990
tt0089881,Ran,113259,8.2,1985,Action,1980 - 1990
tt0083658,Blade Runner,696827,8.1,1982,Action,1980 - 1990
tt0088247,The Terminator,801811,8.0,1984,Action,1980 - 1990
tt0094625,Akira,165904,8.0,1988,Action,1980 - 1990
tt0071230,Blazing Saddles,126584,7.7,1974,Western,1970 - 1980
tt0078788,Apocalypse Now,609513,8.4,1979,War,1970 - 1980
tt0077416,The Deer Hunter,313042,8.1,1978,War,1970 - 1980
tt0071315,Chinatown,295977,8.1,1974,Thriller,1970 - 1980
tt0073195,Jaws,545077,8.0,1975,Thriller,1970 - 1980
tt0077651,Halloween,234005,7.7,1978,Thriller,1970 - 1980
tt0066999,Dirty Harry,143909,7.7,1971,Thriller,1970 - 1980
tt0070379,Mean Streets,100754,7.2,1973,Thriller,1970 - 1980
tt0075148,Rocky,521115,8.1,1976,Sport,1970 - 1980
tt0079817,Rocky II,192906,7.3,1979,Sport,1970 - 1980
tt0078748,Alien,791824,8.4,1979,Sci-Fi,1970 - 1980
tt0066921,A Clockwork Orange,761303,8.3,1971,Sci-Fi,1970 - 1980
tt0079944,Stalker,117928,8.2,1979,Sci-Fi,1970 - 1980
tt0075860,Close Encounters of the Third Kind,185784,7.6,1977,Sci-Fi,1970 - 1980
tt0079501,Mad Max,192378,6.9,1979,Sci-Fi,1970 - 1980
tt0075686,Annie Hall,252561,8.0,1977,Romance,1970 - 1980
tt0079522,Manhattan,131837,7.9,1979,Romance,1970 - 1980
tt0077631,Grease,243404,7.2,1978,Romance,1970 - 1980
tt0078788,Apocalypse Now,609513,8.4,1979,Mystery,1970 - 1980
tt0071315,Chinatown,295977,8.1,1974,Mystery,1970 - 1980
tt0067992,Willy Wonka & the Chocolate Factory,179510,7.8,1971,Musical,1970 - 1980
tt0073629,The Rocky Horror Picture Show,133590,7.4,1975,Musical,1970 - 1980
tt0077631,Grease,243404,7.2,1978,Musical,1970 - 1980
tt0078748,Alien,791824,8.4,1979,Horror,1970 - 1980
tt0070047,The Exorcist,363393,8.0,1973,Horror,1970 - 1980
tt0077402,Dawn of the Dead,111790,7.9,1978,Horror,1970 - 1980
tt0077651,Halloween,234005,7.7,1978,Horror,1970 - 1980
tt0072271,The Texas Chainsaw Massacre,138198,7.5,1974,Horror,1970 - 1980
tt0075005,The Omen,107771,7.5,1976,Horror,1970 - 1980
tt0074285,Carrie,168975,7.4,1976,Horror,1970 - 1980
tt0074486,Eraserhead,103746,7.4,1977,Horror,1970 - 1980
tt0072684,Barry Lyndon,150894,8.1,1975,History,1970 - 1980
tt0074119,All the President's Men,103816,7.9,1976,History,1970 - 1980
tt0076759,Star Wars: Episode IV - A New Hope,1236994,8.6,1977,Fantasy,1970 - 1980
tt0071853,Monty Python and the Holy Grail,502689,8.2,1975,Fantasy,1970 - 1980
tt0067992,Willy Wonka & the Chocolate Factory,179510,7.8,1971,Fantasy,1970 - 1980
tt0074486,Eraserhead,103746,7.4,1977,Fantasy,1970 - 1980
tt0067992,Willy Wonka & the Chocolate Factory,179510,7.8,1971,Family,1970 - 1980
tt0068646,The Godfather,1630607,9.2,1972,Drama,1970 - 1980
tt0071562,The Godfather: Part II,1136475,9.0,1974,Drama,1970 - 1980
tt0073486,One Flew Over the Cuckoo's Nest,922470,8.7,1975,Drama,1970 - 1980
tt0078788,Apocalypse Now,609513,8.4,1979,Drama,1970 - 1980
tt0066921,A Clockwork Orange,761303,8.3,1971,Drama,1970 - 1980
tt0070735,The Sting,242603,8.3,1973,Drama,1970 - 1980
tt0075314,Taxi Driver,729410,8.2,1976,Drama,1970 - 1980
tt0079944,Stalker,117928,8.2,1979,Drama,1970 - 1980
tt0075148,Rocky,521115,8.1,1976,Drama,1970 - 1980
tt0077416,The Deer Hunter,313042,8.1,1978,Drama,1970 - 1980
tt0068646,The Godfather,1630607,9.2,1972,Crime,1970 - 1980
tt0071562,The Godfather: Part II,1136475,9.0,1974,Crime,1970 - 1980
tt0066921,A Clockwork Orange,761303,8.3,1971,Crime,1970 - 1980
tt0070735,The Sting,242603,8.3,1973,Crime,1970 - 1980
tt0075314,Taxi Driver,729410,8.2,1976,Crime,1970 - 1980
tt0072890,Dog Day Afternoon,236707,8.0,1975,Crime,1970 - 1980
tt0070511,Papillon,122008,8.0,1973,Crime,1970 - 1980
tt0066999,Dirty Harry,143909,7.7,1971,Crime,1970 - 1980
tt0067116,The French Connection,110673,7.7,1971,Crime,1970 - 1980
tt0070666,Serpico,110555,7.7,1973,Crime,1970 - 1980
tt0070735,The Sting,242603,8.3,1973,Comedy,1970 - 1980
tt0071853,Monty Python and the Holy Grail,502689,8.2,1975,Comedy,1970 - 1980
tt0079470,Monty Python's Life of Brian,368812,8.1,1979,Comedy,1970 - 1980
tt0075686,Annie Hall,252561,8.0,1977,Comedy,1970 - 1980
tt0072431,Young Frankenstein,143978,8.0,1974,Comedy,1970 - 1980
tt0079522,Manhattan,131837,7.9,1979,Comedy,1970 - 1980
tt0071230,Blazing Saddles,126584,7.7,1974,Comedy,1970 - 1980
tt0070608,Robin Hood,116332,7.6,1973,Comedy,1970 - 1980
tt0077975,National Lampoon's Animal House,112353,7.5,1978,Comedy,1970 - 1980
tt0073629,The Rocky Horror Picture Show,133590,7.4,1975,Comedy,1970 - 1980
tt0072890,Dog Day Afternoon,236707,8.0,1975,Biography,1970 - 1980
tt0070511,Papillon,122008,8.0,1973,Biography,1970 - 1980
tt0074119,All the President's Men,103816,7.9,1976,Biography,1970 - 1980
tt0070666,Serpico,110555,7.7,1973,Biography,1970 - 1980
tt0079116,Escape from Alcatraz,122581,7.6,1979,Biography,1970 - 1980
tt0070608,Robin Hood,116332,7.6,1973,Animation,1970 - 1980
tt0076759,Star Wars: Episode IV - A New Hope,1236994,8.6,1977,Adventure,1970 - 1980
tt0071853,Monty Python and the Holy Grail,502689,8.2,1975,Adventure,1970 - 1980
tt0072684,Barry Lyndon,150894,8.1,1975,Adventure,1970 - 1980
tt0073195,Jaws,545077,8.0,1975,Adventure,1970 - 1980
tt0077402,Dawn of the Dead,111790,7.9,1978,Adventure,1970 - 1980
tt0070608,Robin Hood,116332,7.6,1973,Adventure,1970 - 1980
tt0078346,Superman,159784,7.3,1978,Adventure,1970 - 1980
tt0079501,Mad Max,192378,6.9,1979,Adventure,1970 - 1980
tt0076759,Star Wars: Episode IV - A New Hope,1236994,8.6,1977,Action,1970 - 1980
tt0077402,Dawn of the Dead,111790,7.9,1978,Action,1970 - 1980
tt0066999,Dirty Harry,143909,7.7,1971,Action,1970 - 1980
tt0067116,The French Connection,110673,7.7,1971,Action,1970 - 1980
tt0079116,Escape from Alcatraz,122581,7.6,1979,Action,1970 - 1980
tt0078346,Superman,159784,7.3,1978,Action,1970 - 1980
tt0079501,Mad Max,192378,6.9,1979,Action,1970 - 1980
tt0060196,"The Good, the Bad and the Ugly",691812,8.8,1966,Western,1960 - 1970
tt0064116,Once Upon a Time in the West,304251,8.5,1968,Western,1960 - 1970
tt0059578,For a Few Dollars More,233955,8.2,1965,Western,1960 - 1970
tt0058461,A Fistful of Dollars,199097,8.0,1964,Western,1960 - 1970
tt0054215,Psycho,607489,8.5,1960,Thriller,1960 - 1970
tt0055630,Yojimbo,111999,8.2,1961,Thriller,1960 - 1970
tt0060827,Persona,104170,8.1,1966,Thriller,1960 - 1970
tt0063350,Night of the Living Dead,117012,7.9,1968,Thriller,1960 - 1970
tt0058150,Goldfinger,174869,7.7,1964,Thriller,1960 - 1970
tt0057076,From Russia with Love,121031,7.4,1963,Thriller,1960 - 1970
tt0055928,Dr. No,150874,7.2,1962,Thriller,1960 - 1970
tt0059800,Thunderball,107624,7.0,1965,Thriller,1960 - 1970
tt0062622,2001: A Space Odyssey,606594,8.3,1968,Sci-Fi,1960 - 1970
tt0063442,Planet of the Apes,165615,8.0,1968,Sci-Fi,1960 - 1970
tt0053604,The Apartment,165373,8.3,1960,Romance,1960 - 1970
tt0061722,The Graduate,254619,8.0,1967,Romance,1960 - 1970
tt0054698,Breakfast at Tiffany's,167326,7.6,1961,Romance,1960 - 1970
tt0054215,Psycho,607489,8.5,1960,Mystery,1960 - 1970
tt0056869,The Birds,172456,7.7,1963,Mystery,1960 - 1970
tt0054215,Psycho,607489,8.5,1960,Horror,1960 - 1970
tt0063522,Rosemary's Baby,195006,8.0,1968,Horror,1960 - 1970
tt0063350,Night of the Living Dead,117012,7.9,1968,Horror,1960 - 1970
tt0056869,The Birds,172456,7.7,1963,Horror,1960 - 1970
tt0057115,The Great Escape,225742,8.2,1963,History,1960 - 1970
tt0058331,Mary Poppins,158703,7.8,1964,Fantasy,1960 - 1970
tt0059742,The Sound of Music,208055,8.0,1965,Family,1960 - 1970
tt0058331,Mary Poppins,158703,7.8,1964,Family,1960 - 1970
tt0061852,The Jungle Book,167106,7.6,1967,Family,1960 - 1970
tt0056172,Lawrence of Arabia,269395,8.3,1962,Drama,1960 - 1970
tt0053604,The Apartment,165373,8.3,1960,Drama,1960 - 1970
tt0056592,To Kill a Mockingbird,294919,8.2,1962,Drama,1960 - 1970
tt0057115,The Great Escape,225742,8.2,1963,Drama,1960 - 1970
tt0055630,Yojimbo,111999,8.2,1961,Drama,1960 - 1970
tt0061512,Cool Hand Luke,162779,8.1,1967,Drama,1960 - 1970
tt0060827,Persona,104170,8.1,1966,Drama,1960 - 1970
tt0061722,The Graduate,254619,8.0,1967,Drama,1960 - 1970
tt0059742,The Sound of Music,208055,8.0,1965,Drama,1960 - 1970
tt0064115,Butch Cassidy and the Sundance Kid,202446,8.0,1969,Drama,1960 - 1970
tt0056592,To Kill a Mockingbird,294919,8.2,1962,Crime,1960 - 1970
tt0061512,Cool Hand Luke,162779,8.1,1967,Crime,1960 - 1970
tt0064115,Butch Cassidy and the Sundance Kid,202446,8.0,1969,Crime,1960 - 1970
tt0061418,Bonnie and Clyde,102849,7.8,1967,Crime,1960 - 1970
tt0057012,Dr. Strangelove Or: How I Learned To Stop Worrying And Love The Bomb,452600,8.4,1964,Comedy,1960 - 1970
tt0053604,The Apartment,165373,8.3,1960,Comedy,1960 - 1970
tt0061722,The Graduate,254619,8.0,1967,Comedy,1960 - 1970
tt0058331,Mary Poppins,158703,7.8,1964,Comedy,1960 - 1970
tt0054698,Breakfast at Tiffany's,167326,7.6,1961,Comedy,1960 - 1970
tt0055254,One Hundred and One Dalmatians,153690,7.3,1961,Comedy,1960 - 1970
tt0056172,Lawrence of Arabia,269395,8.3,1962,Biography,1960 - 1970
tt0059742,The Sound of Music,208055,8.0,1965,Biography,1960 - 1970
tt0064115,Butch Cassidy and the Sundance Kid,202446,8.0,1969,Biography,1960 - 1970
tt0054331,Spartacus,124792,7.9,1960,Biography,1960 - 1970
tt0061418,Bonnie and Clyde,102849,7.8,1967,Biography,1960 - 1970
tt0061852,The Jungle Book,167106,7.6,1967,Animation,1960 - 1970
tt0055254,One Hundred and One Dalmatians,153690,7.3,1961,Animation,1960 - 1970
tt0062622,2001: A Space Odyssey,606594,8.3,1968,Adventure,1960 - 1970
tt0056172,Lawrence of Arabia,269395,8.3,1962,Adventure,1960 - 1970
tt0057115,The Great Escape,225742,8.2,1963,Adventure,1960 - 1970
tt0063442,Planet of the Apes,165615,8.0,1968,Adventure,1960 - 1970
tt0054331,Spartacus,124792,7.9,1960,Adventure,1960 - 1970
tt0058150,Goldfinger,174869,7.7,1964,Adventure,1960 - 1970
tt0061852,The Jungle Book,167106,7.6,1967,Adventure,1960 - 1970
tt0057076,From Russia with Love,121031,7.4,1963,Adventure,1960 - 1970
tt0055254,One Hundred and One Dalmatians,153690,7.3,1961,Adventure,1960 - 1970
tt0064276,Easy Rider,100474,7.3,1969,Adventure,1960 - 1970
tt0055630,Yojimbo,111999,8.2,1961,Action,1960 - 1970
tt0058461,A Fistful of Dollars,199097,8.0,1964,Action,1960 - 1970
tt0061418,Bonnie and Clyde,102849,7.8,1967,Action,1960 - 1970
tt0058150,Goldfinger,174869,7.7,1964,Action,1960 - 1970
tt0057076,From Russia with Love,121031,7.4,1963,Action,1960 - 1970
tt0055928,Dr. No,150874,7.2,1962,Action,1960 - 1970
tt0059800,Thunderball,107624,7.0,1965,Action,1960 - 1970
tt0050825,Paths of Glory,179322,8.4,1957,War,1950 - 1960
tt0050212,The Bridge on the River Kwai,204371,8.1,1957,War,1950 - 1960
tt0047396,Rear Window,446271,8.4,1954,Thriller,1950 - 1960
tt0052357,Vertigo,366382,8.3,1958,Thriller,1950 - 1960
tt0053125,North by Northwest,300537,8.3,1959,Thriller,1950 - 1960
tt0046912,Dial M for Murder,159308,8.2,1954,Thriller,1950 - 1960
tt0047296,On the Waterfront,142820,8.1,1954,Thriller,1950 - 1960
tt0044079,Strangers on a Train,123738,7.9,1951,Thriller,1950 - 1960
tt0052357,Vertigo,366382,8.3,1958,Romance,1950 - 1960
tt0045152,Singin' in the Rain,220217,8.3,1952,Romance,1950 - 1960
tt0053291,Some Like It Hot,245178,8.2,1959,Romance,1950 - 1960
tt0046250,Roman Holiday,127870,8.0,1953,Romance,1950 - 1960
tt0047396,Rear Window,446271,8.4,1954,Mystery,1950 - 1960
tt0051201,Witness for the Prosecution,109730,8.4,1957,Mystery,1950 - 1960
tt0052357,Vertigo,366382,8.3,1958,Mystery,1950 - 1960
tt0053125,North by Northwest,300537,8.3,1959,Mystery,1950 - 1960
tt0042876,Rashomon,153509,8.2,1950,Mystery,1950 - 1960
tt0045152,Singin' in the Rain,220217,8.3,1952,Musical,1950 - 1960
tt0053291,Some Like It Hot,245178,8.2,1959,Music,1950 - 1960
tt0050976,The Seventh Seal,166183,8.2,1957,History,1950 - 1960
tt0052618,Ben-Hur,220349,8.1,1959,History,1950 - 1960
tt0043014,Sunset Boulevard,202707,8.4,1950,Film-Noir,1950 - 1960
tt0044079,Strangers on a Train,123738,7.9,1951,Film-Noir,1950 - 1960
tt0050976,The Seventh Seal,166183,8.2,1957,Fantasy,1950 - 1960
tt0042332,Cinderella,146490,7.3,1950,Fantasy,1950 - 1960
tt0053285,Sleeping Beauty,135996,7.2,1959,Fantasy,1950 - 1960
tt0043274,Alice in Wonderland,129625,7.4,1951,Family,1950 - 1960
tt0042332,Cinderella,146490,7.3,1950,Family,1950 - 1960
tt0046183,Peter Pan,127391,7.3,1953,Family,1950 - 1960
tt0053285,Sleeping Beauty,135996,7.2,1959,Family,1950 - 1960
tt0050083,12 Angry Men,694545,9.0,1957,Drama,1950 - 1960
tt0047478,Seven Samurai,317353,8.6,1954,Drama,1950 - 1960
tt0043014,Sunset Boulevard,202707,8.4,1950,Drama,1950 - 1960
tt0050825,Paths of Glory,179322,8.4,1957,Drama,1950 - 1960
tt0051201,Witness for the Prosecution,109730,8.4,1957,Drama,1950 - 1960
tt0050976,The Seventh Seal,166183,8.2,1957,Drama,1950 - 1960
tt0042876,Rashomon,153509,8.2,1950,Drama,1950 - 1960
tt0042192,All About Eve,121133,8.2,1950,Drama,1950 - 1960
tt0052618,Ben-Hur,220349,8.1,1959,Drama,1950 - 1960
tt0050212,The Bridge on the River Kwai,204371,8.1,1957,Drama,1950 - 1960
tt0050083,12 Angry Men,694545,9.0,1957,Crime,1950 - 1960
tt0051201,Witness for the Prosecution,109730,8.4,1957,Crime,1950 - 1960
tt0046912,Dial M for Murder,159308,8.2,1954,Crime,1950 - 1960
tt0042876,Rashomon,153509,8.2,1950,Crime,1950 - 1960
tt0047296,On the Waterfront,142820,8.1,1954,Crime,1950 - 1960
tt0053198,The 400 Blows,106056,8.1,1959,Crime,1950 - 1960
tt0044079,Strangers on a Train,123738,7.9,1951,Crime,1950 - 1960
tt0045152,Singin' in the Rain,220217,8.3,1952,Comedy,1950 - 1960
tt0053291,Some Like It Hot,245178,8.2,1959,Comedy,1950 - 1960
tt0046250,Roman Holiday,127870,8.0,1953,Comedy,1950 - 1960
tt0048280,Lady and the Tramp,123679,7.3,1955,Comedy,1950 - 1960
tt0043274,Alice in Wonderland,129625,7.4,1951,Animation,1950 - 1960
tt0042332,Cinderella,146490,7.3,1950,Animation,1950 - 1960
tt0046183,Peter Pan,127391,7.3,1953,Animation,1950 - 1960
tt0048280,Lady and the Tramp,123679,7.3,1955,Animation,1950 - 1960
tt0053285,Sleeping Beauty,135996,7.2,1959,Animation,1950 - 1960
tt0047478,Seven Samurai,317353,8.6,1954,Adventure,1950 - 1960
tt0053125,North by Northwest,300537,8.3,1959,Adventure,1950 - 1960
tt0052618,Ben-Hur,220349,8.1,1959,Adventure,1950 - 1960
tt0050212,The Bridge on the River Kwai,204371,8.1,1957,Adventure,1950 - 1960
tt0043274,Alice in Wonderland,129625,7.4,1951,Adventure,1950 - 1960
tt0046183,Peter Pan,127391,7.3,1953,Adventure,1950 - 1960
tt0048280,Lady and the Tramp,123679,7.3,1955,Adventure,1950 - 1960
tt0047478,Seven Samurai,317353,8.6,1954,Action,1950 - 1960
